startdate,enddate,status,ipaddress,progress,durationinseconds,finished,recordeddate,responseid,locationlatitude,locationlongitude,userlanguage,q1,q31,q36_1,q4,q5,q8,q33_1,q33_2,q33_3,q33_4,q33_5,q33_6,q9,q10,q17,q11,q7,q12,q14,q15,q32,q21,q22,q23,q24,q25,q26,q27,q34,q35
12/7/2023 14:04,12/7/2023 14:04,0,104.185.101.155,100,6,1,12/7/2023 14:04,R_33vxKZJRr7Qkbni,30.5305,-87.273804,EN,2,,,,,,,,,,,,,,,,,,,,,,,,,,,,,
12/2/2023 9:53,12/2/2023 9:53,0,104.28.32.197,100,13,1,12/2/2023 9:53,R_3hareX2TgUUCltG,33.862099,-84.4198,EN,1,2,,,,,,,,,,,,,,,,,,,,,,,,,,,,
12/5/2023 21:28,12/5/2023 21:32,0,104.28.32.199,100,248,1,12/5/2023 21:32,R_1FFFcfZO9Axd7fl,33.748501,-84.3871,EN,1,1,57,3,,6,3,1,2,4,5,6,2,1,"2,3",1,2,3,7,6,6,1,1,1,7,5,4,2,3,7
11/27/2023 18:39,11/27/2023 18:42,0,104.28.32.208,100,189,1,11/27/2023 18:42,R_3qXd4jMtbVQfbYb,29.6436,-82.323097,EN,1,1,41,3,,10,1,2,3,5,4,6,2,2,"3,7",3,2,2,6:30,4,4,2,1,1,2,4,1,2,2,3
12/4/2023 10:19,12/4/2023 10:22,0,104.28.92.189,100,193,1,12/4/2023 10:22,R_1lztt7Bft9iB0Ac,28.5436,-81.373802,EN,1,1,59,3,7,2,4,1,2,5,3,6,2,2,"4,6",1,2,3,6,6,4,2,1,1,3,4,1,2,2,3
12/5/2023 6:01,12/5/2023 6:01,0,104.28.92.191,100,24,1,12/5/2023 6:01,R_3r1wPN2Qm849rWG,28.039499,-81.949799,EN,1,2,,,,,,,,,,,,,,,,,,,,,,,,,,,,
12/4/2023 4:43,12/4/2023 4:44,0,104.28.92.204,100,51,1,12/4/2023 4:44,R_26bb2Zj203eAwjs,25.784599,-80.233002,EN,1,2,,,,,,,,,,,,,,,,,,,,,,,,,,,,
12/5/2023 7:08,12/5/2023 7:08,0,104.28.92.206,100,24,1,12/5/2023 7:08,R_O8B7zYXUNOZKmjL,25.8799,-80.336403,EN,1,2,,,,,,,,,,,,,,,,,,,,,,,,,,,,
12/5/2023 20:03,12/5/2023 20:07,0,104.28.94.145,100,261,1,12/5/2023 20:07,R_1oCn0gkmA356Dtj,30.6922,-88.042503,EN,1,1,57,3,,6,6,4,1,5,2,3,1,4,1,1,2,2,6,6,2,4,1,1,5,6,1,2,2,5
12/1/2023 7:00,12/1/2023 7:01,0,104.28.94.192,100,40,1,12/1/2023 7:01,R_28YzIOuyj1t60Y8,28.039499,-81.949799,EN,1,2,,,,,,,,,,,,,,,,,,,,,,,,,,,,
12/1/2023 12:39,12/1/2023 12:39,0,104.28.94.227,100,33,1,12/1/2023 12:39,R_2X6Q9ZedEsIDszs,27.945499,-82.459801,EN,1,2,,,,,,,,,,,,,,,,,,,,,,,,,,,,
12/5/2023 6:04,12/5/2023 6:07,0,107.115.112.12,100,180,1,12/5/2023 6:07,R_31z6szsjrRXB02A,37.750999,-97.821999,EN,1,1,6,3,,6,4,5,2,6,3,1,1,4,5,2,2,3,6,6,2,3,1,1,2,3,1,1,2,3
11/27/2023 14:40,11/27/2023 14:40,0,107.115.112.57,100,6,1,11/27/2023 14:40,R_1Nh2nJ2HExUCI4K,37.750999,-97.821999,EN,2,,,,,,,,,,,,,,,,,,,,,,,,,,,,,
12/1/2023 12:57,12/1/2023 12:57,0,107.115.165.15,100,18,1,12/1/2023 12:57,R_2arHFFvJickWPpv,33.748501,-84.3871,EN,1,2,,,,,,,,,,,,,,,,,,,,,,,,,,,,
12/4/2023 8:52,12/4/2023 8:52,0,107.115.227.125,100,18,1,12/4/2023 8:52,R_2qz9yS5FSkBW9uK,25.9562,-80.1828,EN,1,2,,,,,,,,,,,,,,,,,,,,,,,,,,,,
12/2/2023 16:07,12/2/2023 16:11,0,107.115.227.13,15,235,0,12/9/2023 16:11,R_293OLSPPu9HCYpE,,,ES,1,1,6,3,.,.,,,,,,,,,,,,,,,,,,,,,,,,.
12/6/2023 5:50,12/6/2023 5:51,0,107.115.227.46,100,66,1,12/6/2023 5:51,R_3HSVVO0abk3UOKQ,25.9562,-80.1828,ES,1,2,,,.,.,,,,,,,,,,,,,,,,,,,,,,,,.
12/2/2023 5:44,12/2/2023 5:49,0,107.115.227.75,100,348,1,12/2/2023 5:49,R_33ptv0QNSDoZ27k,25.9562,-80.1828,EN,1,1,50,3,5,8,4,2,5,3,6,1,3,1,8,1,2,2,5:00,9:00,4,4,,1,1,3,6,2,2,"3,5"
11/30/2023 2:14,11/30/2023 2:17,0,107.115.227.90,100,185,1,11/30/2023 2:17,R_2fcUpfBVPXR7qHL,25.9562,-80.1828,EN,1,1,6,3,"1,3,7","2,4,7,9",5,3,1,4,2,6,3,2,"1,5,7",1,2,2,7,7,5,3,1,1,1,5,4,2,2,6
12/5/2023 10:22,12/5/2023 10:22,0,107.122.105.12,100,9,1,12/5/2023 10:22,R_3qDqmAEmIVFbUDs,33.820599,-84.022903,EN,2,,,,,,,,,,,,,,,,,,,,,,,,,,,,,
11/28/2023 6:41,11/28/2023 6:41,0,107.122.109.61,100,11,1,11/28/2023 6:41,R_1jpS8LrcEvVPDKx,33.820599,-84.022903,EN,1,2,,,,,,,,,,,,,,,,,,,,,,,,,,,,
11/29/2023 11:19,11/29/2023 11:20,0,107.123.37.12,100,22,1,11/29/2023 11:20,R_1FyMoAsvFTCpjH5,33.748501,-84.3871,EN,1,2,,,,,,,,,,,,,,,,,,,,,,,,,,,,
11/27/2023 15:32,11/27/2023 15:32,0,107.127.28.6,100,17,1,11/27/2023 15:32,R_1Q6m9pEhiobUxIU,28.3939,-81.4216,EN,1,2,,,,,,,,,,,,,,,,,,,,,,,,,,,,
12/1/2023 14:30,12/1/2023 14:30,0,107.127.32.37,100,19,1,12/1/2023 14:30,R_Y6qQbiotYIEAL9T,28.634399,-81.622101,EN,1,2,,,,,,,,,,,,,,,,,,,,,,,,,,,,
11/27/2023 14:47,11/27/2023 14:53,0,107.127.32.46,100,400,1,11/27/2023 14:53,R_2uHUqnJyaNChd8p,28.634399,-81.622101,EN,1,1,28,3,,10,1,2,3,4,5,6,2,1,"3,5",1,2,2,8am,4pm,5,3,1,1,1,2,4,2,2,2
11/28/2023 3:24,11/28/2023 3:24,0,107.139.210.155,100,18,1,11/28/2023 3:24,R_2DP64VJacqvYLLZ,29.998301,-81.764702,EN,1,2,,,,,,,,,,,,,,,,,,,,,,,,,,,,
11/30/2023 12:08,11/30/2023 12:08,0,107.145.137.146,100,11,1,11/30/2023 12:08,R_1n8ElA0hmo0h8lP,29.2866,-81.086899,EN,1,2,,,,,,,,,,,,,,,,,,,,,,,,,,,,
11/29/2023 12:50,11/29/2023 12:50,0,107.146.81.142,100,44,1,11/29/2023 12:50,R_2yary6DgF4axmTF,27.804399,-82.275902,EN,1,2,,,,,,,,,,,,,,,,,,,,,,,,,,,,
12/1/2023 8:19,12/1/2023 8:23,0,107.19.8.77,100,242,1,12/1/2023 8:23,R_zZsgIlVxWRZ4gG5,30.6215,-81.5914,EN,1,1,45,2,5,1,1,2,3,5,6,4,1,1,1,1,1,2,3P,6P,2,4,1,1,3,5,1,2,2,5
12/2/2023 9:45,12/2/2023 12:42,0,108.147.177.13,100,10622,1,12/2/2023 12:42,R_10Zxb9KqOwaMgfB,34.0014,-84.014397,EN,1,1,1,3,,"1,2",4,1,5,6,3,2,5,3,"1,2,3,5",1,1,3,7am,6pm,6,2,,1,2,4,4,,2,3
12/5/2023 5:57,12/5/2023 5:59,0,108.147.198.46,100,80,1,12/5/2023 5:59,R_785QdIBazLt4jYt,33.748501,-84.3871,EN,1,2,,,,,,,,,,,,,,,,,,,,,,,,,,,,
11/27/2023 13:47,11/27/2023 13:51,0,108.189.101.57,100,236,1,11/27/2023 13:51,R_2U3CMj8AhmGNpuk,28.069901,-81.810699,EN,1,1,53,3,,8,6,2,3,1,4,5,1,3,8,2,2,3,7:30,6,4,4,1,1,2,1,1,2,2,5
12/1/2023 10:40,12/1/2023 10:41,0,108.190.121.67,100,20,1,12/1/2023 10:41,R_RFFu5bRVjm2PQvD,27.959999,-82.461403,EN,1,2,,,,,,,,,,,,,,,,,,,,,,,,,,,,
12/1/2023 9:24,12/1/2023 9:30,0,108.191.85.0,100,375,1,12/1/2023 9:30,R_DOUuB1jolR5A5aN,27.959999,-82.461403,EN,1,1,28,3,7,6,5,1,3,4,2,6,1,1,1,3,1,2,7,5,4,3,1,1,1,3,1,2,2,3
11/30/2023 9:56,11/30/2023 9:57,0,108.234.72.123,100,20,1,11/30/2023 9:57,R_12LrIJdaQkQjORH,30.661699,-87.047997,EN,2,,,,,,,,,,,,,,,,,,,,,,,,,,,,,
11/29/2023 10:58,12/2/2023 20:29,0,108.250.144.250,100,293464,1,12/2/2023 20:29,R_8kTy9gBoaxoxJoB,26.1481,-80.208801,ES,1,1,6,3,8,10,2,1,3,4,5,6,1,1,1,2,2,1,7,6,4,1,2,3,4,7,1,2,1,6
12/2/2023 11:17,12/2/2023 11:20,0,108.72.195.98,100,156,1,12/2/2023 11:20,R_3fWaEzvzE7oPUQa,26.782,-80.0653,EN,1,2,,,,,,,,,,,,,,,,,,,,,,,,,,,,
12/9/2023 7:14,12/9/2023 7:24,0,108.86.252.21,100,574,1,12/9/2023 7:24,R_8ukYl2Wnd7QRVtv,26.934999,-80.117798,ES,1,1,50,3,8,8,1,2,3,5,4,6,2,2,8,5,2,1,6:30 de la maÃ±ana ,5:30 de la tarde ,4,3,2,4,9,1,4,2,3,7
11/29/2023 10:58,11/29/2023 11:00,0,12.230.111.10,100,158,1,11/29/2023 11:00,R_abFJuGRDzQ7aMoh,29.9149,-81.367203,EN,1,1,55,3,,3,1,3,4,2,5,6,2,4,1,3,2,2,8,7,6,4,1,1,4,3,1,2,2,5
12/4/2023 8:48,12/4/2023 8:49,0,12.87.159.158,100,75,1,12/4/2023 8:49,R_ZdGzvH5qxWq6pb3,28.5436,-81.373802,EN,1,2,,,,,,,,,,,,,,,,,,,,,,,,,,,,
11/15/2023 15:38,11/15/2023 15:49,0,128.227.169.49,8,654,0,11/22/2023 15:49,R_2YECkRnarC5XUU5,,,EN,1,1,,3,,,,,,,,,,,,,,,,,,,,,,,,,,
11/30/2023 9:26,11/30/2023 9:36,0,131.148.84.150,100,650,1,11/30/2023 9:36,R_23f15eyBtX0jjjP,27.934999,-82.377197,EN,1,1,43,1,7,4,2,1,3,4,5,6,2,6,3,2,1,3,6,6,3,3,1,1,3,3,1,1,1,4
12/5/2023 6:39,12/5/2023 6:42,0,139.64.204.2,100,182,1,12/5/2023 6:42,R_1jqclYt2To62Pv7,26.6642,-80.173203,EN,1,1,50,3,,6,1,3,2,4,5,6,1,1,7,1,2,2,6,6,3,3,1,1,5,7,1,2,2,3
11/27/2023 11:54,11/27/2023 11:57,0,155.130.130.204,100,183,1,11/27/2023 11:57,R_1d5BizqbCgssthk,41.8764,-87.613297,EN,1,1,58,1,7,10,2,1,3,4,5,6,1,4,1,1,2,1,8:00,5:00,1,3,1,1,4,4,1,2,3,7
12/5/2023 6:39,12/5/2023 6:41,0,16.98.16.28,100,92,1,12/5/2023 6:41,R_2yrWqMVvnL2aaAQ,29.200701,-81.038803,EN,1,2,,,,,,,,,,,,,,,,,,,,,,,,,,,,
11/29/2023 11:22,11/29/2023 11:23,0,16.98.18.128,100,28,1,11/29/2023 11:23,R_1LGSu3AHj9rvRu9,28.7115,-81.513496,EN,1,2,,,,,,,,,,,,,,,,,,,,,,,,,,,,
11/29/2023 18:36,11/29/2023 18:39,0,16.98.39.154,100,218,1,11/29/2023 18:39,R_3hF7gljqaflMLNp,28.2365,-82.328903,EN,1,1,51,1,4,10,1,2,6,3,4,5,1,5,8,1,2,3,6:30,6:30,4,4,1,1,4,4,1,1,2,3
11/29/2023 13:16,11/29/2023 13:17,0,164.51.190.66,100,41,1,11/29/2023 13:17,R_1LnRtEtbmxRKbGY,28.597799,-81.302399,EN,1,2,,,,,,,,,,,,,,,,,,,,,,,,,,,,
11/29/2023 12:16,11/29/2023 12:21,0,166.196.54.27,100,299,1,11/29/2023 12:21,R_2xF8lctD9UijSrC,33.748501,-84.3871,EN,1,1,53,3,"5,7",6,5,3,1,4,2,6,1,2,3,3,2,2,8,5:30,4,3,1,1,2,4,1,2,2,5
12/5/2023 7:47,12/5/2023 7:47,0,166.196.54.4,100,33,1,12/5/2023 7:47,R_8izyxLSr6MTBHeF,33.748501,-84.3871,EN,1,2,,,,,,,,,,,,,,,,,,,,,,,,,,,,
11/30/2023 20:38,11/30/2023 20:38,0,166.196.58.52,100,20,1,11/30/2023 20:38,R_27eBTAPo1FAiqy1,33.748501,-84.3871,EN,1,2,,,,,,,,,,,,,,,,,,,,,,,,,,,,
12/1/2023 13:05,12/1/2023 13:06,0,166.196.58.53,100,48,1,12/1/2023 13:06,R_1jUuIRFFtxVxlu0,33.748501,-84.3871,EN,1,2,,,,,,,,,,,,,,,,,,,,,,,,,,,,
11/27/2023 17:26,11/27/2023 17:28,0,166.196.58.72,12,139,0,12/4/2023 17:28,R_8IGdXA7bfLmn25X,,,ES,1,1,53,,.,.,,,,,,,,,,,,,,,,,,,,,,,,.
12/4/2023 10:32,12/4/2023 10:32,0,166.198.161.17,100,14,1,12/4/2023 10:32,R_xxBAkcR1ZdNuE6J,33.748501,-84.3871,EN,1,2,,,,,,,,,,,,,,,,,,,,,,,,,,,,
12/1/2023 7:57,12/1/2023 7:58,0,166.198.161.57,100,8,1,12/1/2023 7:58,R_10UjlrKtqYXBJtT,33.748501,-84.3871,EN,2,,,,,,,,,,,,,,,,,,,,,,,,,,,,,
12/2/2023 16:26,12/2/2023 16:26,0,166.198.161.65,100,11,1,12/2/2023 16:26,R_BypMsC1n8V890AN,33.748501,-84.3871,EN,2,,,,,,,,,,,,,,,,,,,,,,,,,,,,,
11/27/2023 10:23,11/27/2023 10:24,0,166.199.169.12,100,21,1,11/27/2023 10:24,R_3s7yUyV6c727ifV,36.167099,-86.786102,EN,1,2,,,,,,,,,,,,,,,,,,,,,,,,,,,,
11/29/2023 13:20,11/29/2023 13:20,0,166.205.159.110,100,18,1,11/29/2023 13:20,R_2CI0ZS8IGHoW2oM,25.811899,-80.231796,EN,2,,,,,,,,,,,,,,,,,,,,,,,,,,,,,
12/4/2023 14:10,12/4/2023 14:16,0,166.205.159.39,100,331,1,12/4/2023 14:16,R_V1IVoDE2gxgXJfz,25.811899,-80.231796,EN,1,1,50,3,7,10,6,3,1,5,4,2,3,1,8,1,2,1,6:00 - 7:00,3:00 - 6:30,4,4,1,1,1,4,4,2,2,3
11/29/2023 10:47,11/29/2023 10:53,0,166.205.159.56,100,357,1,11/29/2023 10:53,R_3EgRz5FikiUMgfC,25.811899,-80.231796,EN,1,1,40,3,,10,5,1,3,2,4,6,1,2,2,1,2,3,7:00,5:00,6,3,1,1,4,3,3,2,1,5
11/27/2023 16:11,11/27/2023 16:17,0,166.205.159.63,100,383,1,11/27/2023 16:17,R_1mCKcJVYXgojmAg,25.811899,-80.231796,EN,1,1,50,3,,8,1,4,3,6,2,5,3,1,8,1,2,1,0 hours,3 hours,5,1,1,1,1,4,6,2,2,3
12/11/2023 14:44,12/11/2023 14:44,8,166.205.181.73,100,9,1,12/11/2023 14:44,R_2xVPoS1qQnFa4vg,25.850201,-80.236702,ES,1,2,,,.,.,,,,,,,,,,,,,,,,,,,,,,,,.
11/29/2023 11:35,11/29/2023 11:46,0,169.139.8.226,100,665,1,11/29/2023 11:46,R_2ZQzavdHJTBm2N7,26.1374,-80.168404,EN,1,1,6,3,,6,1,2,3,4,5,6,2,1,"3,4",2,2,2,6,7,3,3,1,1,4,5,1,2,2,7
12/5/2023 6:00,12/5/2023 6:01,0,170.249.152.10,100,19,1,12/5/2023 6:01,R_1hGVzrlSW30kjnn,30.490801,-84.315804,EN,1,2,,,,,,,,,,,,,,,,,,,,,,,,,,,,
11/29/2023 10:42,11/29/2023 10:48,0,172.109.128.250,100,379,1,11/29/2023 10:48,R_2yelaE0i21H4imi,28.0508,-82.448402,EN,1,1,28,3,,1,1,5,3,4,2,6,4,3,8,3,2,2,7:00,6:00,5,3,1,1,1,2,1,2,2,3
11/27/2023 17:02,11/27/2023 17:02,0,172.56.67.41,100,27,1,11/27/2023 17:02,R_3m4PulZ3zy2Dwq3,33.748501,-84.3871,EN,1,2,,,,,,,,,,,,,,,,,,,,,,,,,,,,
12/5/2023 12:51,12/5/2023 12:51,0,172.56.72.225,100,5,1,12/5/2023 12:51,R_e3D8p7lgA1Ccgql,28.4883,-81.406097,EN,2,,,,,,,,,,,,,,,,,,,,,,,,,,,,,
11/29/2023 13:44,11/29/2023 14:13,0,172.56.72.30,100,1738,1,11/29/2023 14:13,R_AbSnmhKUUowhqrn,28.4883,-81.406097,EN,1,1,41,3,7,6,5,2,1,3,4,6,1,1,7,1,2,1,2:30,6:00,2,3,1,1,1,3,6,2,2,3
12/5/2023 10:21,12/5/2023 10:30,0,172.56.73.242,100,493,1,12/5/2023 10:30,R_21nO7HGCe5H6sv2,28.5177,-81.450798,EN,1,1,34,3,5,"4,9",2,3,1,4,5,6,3,6,"2,4,5",1,2,3,1,12,5,3,1,1,2,2,1,2,2,5
12/1/2023 13:45,12/1/2023 13:46,0,172.56.74.242,100,27,1,12/1/2023 13:46,R_DeGJtdK2EcUebbr,28.5788,-81.439598,EN,1,2,,,,,,,,,,,,,,,,,,,,,,,,,,,,
11/27/2023 11:00,11/27/2023 11:01,0,172.56.74.33,100,32,1,11/27/2023 11:01,R_1lfVkk1Wfs6Et8R,28.5788,-81.439598,EN,1,2,,,,,,,,,,,,,,,,,,,,,,,,,,,,
12/1/2023 16:20,12/1/2023 16:25,0,172.56.75.211,100,280,1,12/1/2023 16:25,R_2bNxd0nIte8jfyW,28.5177,-81.450798,EN,1,1,48,1,1,"1,2,4",4,3,1,2,5,6,1,3,"1,2",2,2,2,7:00,6:00,3,3,1,1,2,4,1,2,2,3
12/1/2023 10:19,12/1/2023 10:19,0,172.56.76.183,100,30,1,12/1/2023 10:19,R_265zAEa9fiZ5drE,28.5788,-81.439598,EN,1,2,,,,,,,,,,,,,,,,,,,,,,,,,,,,
11/29/2023 12:29,11/29/2023 12:30,0,172.56.76.59,100,36,1,11/29/2023 12:30,R_eWq4Ct5MyIz5AAN,28.5788,-81.439598,EN,1,2,,,,,,,,,,,,,,,,,,,,,,,,,,,,
12/1/2023 10:19,12/1/2023 10:24,0,172.56.77.189,100,277,1,12/1/2023 10:24,R_1FqV76hQ9U5NNw2,28.3939,-81.4216,EN,1,1,41,3,7,6,1,2,3,5,4,6,1,1,7,4,2,1,2:30,7:00,2,3,1,1,1,3,6,2,2,3
12/5/2023 14:30,12/5/2023 14:30,0,172.56.77.26,100,28,1,12/5/2023 14:30,R_3Rq18JTIMM08WiL,28.3939,-81.4216,EN,1,2,,,,,,,,,,,,,,,,,,,,,,,,,,,,
11/27/2023 16:25,11/27/2023 16:30,0,172.56.79.21,100,310,1,11/27/2023 16:30,R_1KvgyObLjbPBdrq,28.5177,-81.450798,EN,1,1,53,3,,6,3,1,2,6,4,5,1,4,5,2,2,3,7,6:30,3,3,1,1,4,5,3,1,2,3
11/29/2023 12:54,11/29/2023 12:54,0,172.56.79.28,100,25,1,11/29/2023 12:54,R_2dnEsDQLxlybe9v,28.5177,-81.450798,EN,1,2,,,,,,,,,,,,,,,,,,,,,,,,,,,,
11/27/2023 19:33,11/27/2023 19:34,0,172.56.96.13,100,38,1,11/27/2023 19:34,R_piciEReQ9FeQZ8Z,27.959,-82.493797,EN,1,2,,,,,,,,,,,,,,,,,,,,,,,,,,,,
12/5/2023 6:52,12/5/2023 6:52,0,172.56.96.143,100,13,1,12/5/2023 6:52,R_2rx46PMvYAmoSlg,27.959,-82.493797,EN,1,2,,,,,,,,,,,,,,,,,,,,,,,,,,,,
11/29/2023 11:29,11/29/2023 11:29,0,172.56.96.188,100,18,1,11/29/2023 11:29,R_s858jXEFzSyRiKt,27.959,-82.493797,EN,1,2,,,,,,,,,,,,,,,,,,,,,,,,,,,,
12/1/2023 7:41,12/1/2023 7:44,0,172.56.96.191,100,222,1,12/1/2023 7:44,R_9TgcupSXvKSsLMB,27.959,-82.493797,EN,1,1,51,3,7,"3,7,9,10",6,3,2,1,4,5,1,2,"1,2",2,4,2,6,11,2,3,1,1,3,3,1,2,2,5
12/5/2023 10:41,12/5/2023 10:44,0,172.56.96.208,100,189,1,12/5/2023 10:44,R_a8YS11c3F9yy7bb,27.959,-82.493797,EN,1,1,28,1,7,7,3,1,2,4,5,6,3,4,8,3,2,2,6am,7:00,5,4,1,1,2,3,1,2,2,3
12/1/2023 8:35,12/1/2023 8:40,0,172.56.96.229,100,329,1,12/1/2023 8:40,R_233RYGGqUP5o14E,27.959,-82.493797,EN,1,1,28,3,,3,1,3,4,2,5,6,2,1,"4,5",1,2,3,5,11,4,4,1,1,5,4,1,1,2,3
12/1/2023 7:36,12/1/2023 7:36,0,172.56.96.244,100,24,1,12/1/2023 7:36,R_2c113EDNahKAKjw,27.959,-82.493797,EN,1,2,,,,,,,,,,,,,,,,,,,,,,,,,,,,
11/27/2023 9:47,11/27/2023 9:47,0,172.56.96.30,100,18,1,11/27/2023 9:47,R_3nfrUVCgVLJJ8fc,27.959,-82.493797,EN,1,2,,,,,,,,,,,,,,,,,,,,,,,,,,,,
11/29/2023 10:55,11/29/2023 11:02,0,172.56.96.50,100,441,1,11/29/2023 11:02,R_1LdsczUZioj9Mjz,27.959,-82.493797,EN,1,1,53,3,7,6,2,3,4,1,5,6,3,4,7,3,2,3,7:30,6pm,4,1,1,1,4,4,1,2,2,3
11/27/2023 16:33,11/27/2023 16:46,0,172.56.96.79,100,730,1,11/27/2023 16:46,R_1GHswDp7MLAceHO,27.959,-82.493797,EN,1,1,28,3,,6,4,3,1,2,5,6,1,5,2,1,3,2,I have weird work hours,I have weird work hours,3,2,1,1,9,5,2,2,2,5
12/5/2023 6:06,12/5/2023 6:13,0,172.56.97.100,100,413,1,12/5/2023 6:13,R_3iD574P7Lljq1tg,28.0508,-82.448402,EN,1,1,51,2,,9,1,3,2,4,5,6,2,2,7,3,2,2,6:00,6:00,3,3,1,1,2,5,1,2,1,3
12/1/2023 14:33,12/1/2023 14:37,0,172.56.97.124,100,233,1,12/1/2023 14:37,R_2YXTxYTRYkJjbMT,28.0508,-82.448402,EN,1,1,26,3,,6,1,2,4,3,5,6,2,2,"4,6",2,2,2,7,7,5,3,1,1,5,5,3,2,2,5
12/8/2023 7:30,12/8/2023 7:30,0,172.56.97.134,100,43,1,12/8/2023 7:30,R_1f2xyCmDxAJPTRy,28.020599,-82.457397,EN,1,2,,,,,,,,,,,,,,,,,,,,,,,,,,,,
12/1/2023 16:41,12/1/2023 16:41,0,172.56.97.149,100,18,1,12/1/2023 16:42,R_2SHRDYsrBL8dqXT,28.0508,-82.448402,EN,1,2,,,,,,,,,,,,,,,,,,,,,,,,,,,,
12/5/2023 6:46,12/5/2023 6:47,0,172.56.97.22,100,24,1,12/5/2023 6:47,R_2aFJRw36ssW3HIB,28.0508,-82.448402,EN,1,2,,,,,,,,,,,,,,,,,,,,,,,,,,,,
12/1/2023 20:02,12/1/2023 20:03,0,172.56.97.241,100,21,1,12/1/2023 20:03,R_7ZFcigbvzY2vEch,28.0508,-82.448402,EN,1,2,,,,,,,,,,,,,,,,,,,,,,,,,,,,
12/6/2023 8:50,12/6/2023 8:51,0,172.56.97.247,100,43,1,12/6/2023 8:51,R_2zOWQchlcApz6sl,28.020599,-82.457397,EN,2,,,,,,,,,,,,,,,,,,,,,,,,,,,,,
12/1/2023 8:24,12/1/2023 8:24,0,172.56.97.71,100,46,1,12/1/2023 8:24,R_2uwZflj5rVByQDK,28.0508,-82.448402,EN,1,2,,,,,,,,,,,,,,,,,,,,,,,,,,,,
12/5/2023 6:56,12/5/2023 7:03,0,172.58.128.138,100,410,1,12/5/2023 7:03,R_10uzTqfz1WPmCKZ,25.779301,-80.208801,EN,1,1,35,3,,1,1,3,4,5,6,2,3,1,"6,7",1,2,4,10,1,6,2,3,2,2,2,2,2,2,6
12/1/2023 12:49,12/1/2023 12:50,0,172.58.128.179,100,19,1,12/1/2023 12:50,R_1JD4Dexh6I1bBdw,25.779301,-80.208801,EN,1,2,,,,,,,,,,,,,,,,,,,,,,,,,,,,
12/4/2023 14:28,12/4/2023 14:29,0,172.58.128.226,100,19,1,12/4/2023 14:29,R_3dF9mQidUN6cMIx,25.779301,-80.208801,EN,2,,,,,,,,,,,,,,,,,,,,,,,,,,,,,
12/5/2023 15:59,12/5/2023 16:00,0,172.58.129.202,100,29,1,12/5/2023 16:00,R_1K1HlsiN1EaFQls,25.8906,-80.178398,EN,1,2,,,,,,,,,,,,,,,,,,,,,,,,,,,,
12/1/2023 13:52,12/1/2023 13:56,0,172.58.130.127,100,219,1,12/1/2023 13:56,R_30ufd48PUGMTSCa,25.8906,-80.178398,EN,1,1,8,3,,6,6,1,2,3,4,5,1,1,3,2,2,3,7,6,2,3,1,1,1,3,2,2,1,1
12/8/2023 15:27,12/8/2023 15:27,0,172.58.131.145,100,46,1,12/8/2023 15:27,R_2Tzqo594FASAQoM,25.9436,-80.226402,EN,1,2,,,,,,,,,,,,,,,,,,,,,,,,,,,,
11/29/2023 11:13,11/29/2023 11:16,0,172.58.132.190,100,139,1,11/29/2023 11:16,R_2wLA7jwMva0Hgtw,25.784599,-80.233002,EN,1,2,,,,,,,,,,,,,,,,,,,,,,,,,,,,
11/28/2023 6:20,11/28/2023 6:21,0,172.58.132.246,8,51,0,12/5/2023 6:21,R_3t0DsaobpZdO7RL,,,ES,1,1,,,.,.,,,,,,,,,,,,,,,,,,,,,,,,.
11/29/2023 17:31,11/29/2023 17:36,0,172.58.132.57,100,340,1,11/29/2023 17:36,R_29cZ8EInge1NGTP,25.784599,-80.233002,EN,1,1,6,3,,7,1,2,3,4,5,6,4,2,"5,7",3,2,2,6,7,5,3,1,1,4,4,1,2,3,3
12/2/2023 17:25,12/2/2023 17:30,0,172.58.133.120,19,272,0,12/9/2023 17:30,R_ApvYPCUKeiSxvLb,,,ES,1,1,43,2,6,.,,,,,,,,,,,,,,,,,,,,,,,,.
12/2/2023 17:25,12/2/2023 17:25,0,172.58.133.16,100,22,1,12/2/2023 17:25,R_3hFV1Xwg6xOTsUF,25.8906,-80.178398,ES,1,2,,,.,.,,,,,,,,,,,,,,,,,,,,,,,,.
11/30/2023 15:30,11/30/2023 15:30,0,172.58.134.74,100,17,1,11/30/2023 15:30,R_qJUI6amGBRr4eBz,25.8696,-80.307297,EN,1,2,,,,,,,,,,,,,,,,,,,,,,,,,,,,
12/5/2023 6:07,12/5/2023 6:13,0,172.58.172.184,100,339,1,12/5/2023 6:13,R_OoHXIADMz783cNH,28.5436,-81.373802,EN,1,1,41,3,7,"2,10",1,2,3,4,5,6,1,2,7,4,2,2,2:30,7:00,2,3,1,1,1,3,4,2,2,3
12/4/2023 8:07,12/4/2023 8:07,0,172.58.174.244,100,14,1,12/4/2023 8:07,R_1f8vGKV6oVGfKF9,28.5788,-81.439598,EN,1,2,,,,,,,,,,,,,,,,,,,,,,,,,,,,
12/1/2023 8:18,12/1/2023 8:27,0,172.58.175.112,100,593,1,12/1/2023 8:27,R_BQE3fOq8QuhFVHH,28.5436,-81.373802,EN,1,1,53,3,,10,1,2,3,4,5,6,1,3,3,2,3,2,5am,3pm- Midnight ,2,3,1,1,4,4,1,2,2,3
11/29/2023 17:04,11/29/2023 17:04,0,172.58.252.128,100,22,1,11/29/2023 17:04,R_2zkzcPQSxQvCeaM,35.229599,-80.843002,EN,1,2,,,,,,,,,,,,,,,,,,,,,,,,,,,,
11/30/2023 17:11,11/30/2023 17:11,0,172.59.104.138,100,24,1,11/30/2023 17:11,R_2VqlJo32GRRAPU1,30.0035,-90.060699,EN,1,2,,,,,,,,,,,,,,,,,,,,,,,,,,,,
12/2/2023 9:35,12/2/2023 9:36,0,172.59.104.243,100,8,1,12/2/2023 9:36,R_1OvGJI6ys8D4s28,30.0035,-90.060699,EN,2,,,,,,,,,,,,,,,,,,,,,,,,,,,,,
11/29/2023 11:08,11/29/2023 11:10,0,172.59.104.253,100,89,1,11/29/2023 11:10,R_AM7hkAqMiWBKVHj,30.0035,-90.060699,EN,1,2,,,,,,,,,,,,,,,,,,,,,,,,,,,,
11/29/2023 10:44,11/29/2023 10:45,0,172.59.104.26,100,43,1,11/29/2023 10:45,R_1hzPmMVHSilWxGP,30.0035,-90.060699,EN,1,2,,,,,,,,,,,,,,,,,,,,,,,,,,,,
12/1/2023 16:42,12/1/2023 16:46,0,172.59.104.35,100,211,1,12/1/2023 16:46,R_3LXbnzi9zz761bz,30.0035,-90.060699,EN,1,1,57,3,7,6,6,1,2,3,4,5,2,3,"3,4",2,6,2,7,6,4,2,1,1,1,2,1,2,2,5
12/5/2023 15:15,12/5/2023 15:15,0,172.59.105.90,100,13,1,12/5/2023 15:15,R_2SkvQXXHjm8Db7O,29.8715,-90.07,EN,2,,,,,,,,,,,,,,,,,,,,,,,,,,,,,
11/29/2023 11:09,11/29/2023 11:13,0,172.59.64.176,100,227,1,11/29/2023 11:13,R_BXrwVylxB1YlCWB,30.356199,-81.688004,EN,1,1,15,3,,10,2,3,1,4,5,6,3,3,8,1,2,2,6:30,6:00,3,3,1,1,2,4,2,2,2,3
11/29/2023 11:44,11/29/2023 11:44,0,172.59.64.205,100,21,1,11/29/2023 11:44,R_pSIT9sqaLVaMm5P,30.356199,-81.688004,EN,1,2,,,,,,,,,,,,,,,,,,,,,,,,,,,,
11/29/2023 10:50,11/29/2023 10:53,0,172.59.64.60,100,234,1,11/29/2023 10:53,R_3iVd5ovSvxIJY7d,30.356199,-81.688004,EN,1,1,15,1,"2,3,7",7,1,5,4,2,3,6,1,2,8,1,1,3,7,5,4,3,1,1,2,4,2,2,2,5
12/5/2023 5:59,12/5/2023 6:02,0,172.59.65.144,100,166,1,12/5/2023 6:02,R_3MaQSDWBORCnDRZ,30.347799,-81.6493,EN,1,1,15,3,,8,6,2,4,5,3,1,1,1,2,1,6,1,8,4,4,3,1,1,1,3,3,2,2,3
11/28/2023 14:18,11/28/2023 14:18,0,172.59.65.231,100,24,1,11/28/2023 14:18,R_2wgddjfDqtTdNRF,30.347799,-81.6493,EN,1,2,,,,,,,,,,,,,,,,,,,,,,,,,,,,
12/5/2023 12:59,12/5/2023 13:09,0,172.59.65.235,100,609,1,12/5/2023 13:09,R_2f0QD8r0KqoqtzA,30.347799,-81.6493,EN,1,1,14,3,,6,1,3,2,4,5,6,2,4,1,2,2,3,5:30,6:00,5,1,1,1,7,3,1,2,2,5
12/5/2023 5:59,12/5/2023 6:04,0,172.59.65.36,100,326,1,12/5/2023 6:04,R_1Hi1Jtby8joVRQ4,30.347799,-81.6493,EN,1,1,15,3,3,6,2,3,1,5,4,6,2,1,1,1,2,2,6,6,3,3,1,1,1,3,3,2,2,3
12/5/2023 9:59,12/5/2023 10:04,0,172.59.65.96,100,306,1,12/5/2023 10:04,R_2vligeGWbtql4ii,30.347799,-81.6493,EN,1,1,63,3,5,1,3,5,2,4,1,6,1,2,3,1,2,2,6,6,3,4,1,1,2,3,1,1,2,5
11/27/2023 13:34,11/27/2023 13:35,0,173.160.0.157,100,61,1,11/27/2023 13:35,R_2wbgWOjUQzjj1Hy,26.133101,-81.7938,EN,1,2,,,,,,,,,,,,,,,,,,,,,,,,,,,,
12/1/2023 9:13,12/1/2023 9:13,0,173.168.128.210,100,29,1,12/1/2023 9:13,R_2rluVtnKHzxRm2b,27.992901,-82.403,EN,1,2,,,,,,,,,,,,,,,,,,,,,,,,,,,,
11/27/2023 14:39,11/27/2023 14:40,0,173.168.128.242,100,39,1,11/27/2023 14:40,R_3EZ6cDgknbJ10cH,27.992901,-82.403,EN,1,2,,,,,,,,,,,,,,,,,,,,,,,,,,,,
11/27/2023 17:23,11/27/2023 17:24,0,173.170.91.212,100,19,1,11/27/2023 17:24,R_w7C7Bx7bmBgsDXr,27.542999,-82.560204,EN,1,2,,,,,,,,,,,,,,,,,,,,,,,,,,,,
11/29/2023 14:08,11/29/2023 14:19,0,173.171.146.5,100,659,1,11/29/2023 14:19,R_3CCqUOhZ04h0qKr,28.477501,-82.570999,EN,1,1,26,2,5,8,3,4,1,5,2,6,1,4,4,1,2,2,7:00,6:00,5,3,1,1,5,4,1,2,2,3
11/27/2023 10:21,11/27/2023 10:22,0,173.20.58.101,8,45,0,12/11/2023 10:32,R_3OcqShZ7PnbSihP,,,EN,1,1,57,,,,,,,,,,,,,,,,,,,,,,,,,,,
12/5/2023 14:24,12/5/2023 14:30,0,173.21.176.2,100,322,1,12/5/2023 14:30,R_27lfWNIrrcZzbuq,30.3498,-87.165497,EN,1,1,57,3,3,6,2,5,1,4,3,6,2,4,5,1,4,2,630,630,3,4,1,1,4,4,1,1,2,3
12/1/2023 8:27,12/1/2023 8:27,0,173.31.139.222,100,28,1,12/1/2023 8:27,R_1jTkSYvei9J4Cyl,30.661699,-87.047997,EN,1,2,,,,,,,,,,,,,,,,,,,,,,,,,,,,
12/2/2023 21:25,12/2/2023 21:26,0,174.176.76.119,100,42,1,12/2/2023 21:26,R_1Sqt9w7yNMRwo6t,30.356199,-81.688004,EN,2,,,,,,,,,,,,,,,,,,,,,,,,,,,,,
12/6/2023 6:14,12/6/2023 6:14,0,174.203.35.23,100,15,1,12/6/2023 6:14,R_1jBz8VmnLqzTfbE,30.003901,-90.122902,EN,1,2,,,,,,,,,,,,,,,,,,,,,,,,,,,,
11/30/2023 7:14,11/30/2023 7:15,0,174.203.37.235,100,73,1,11/30/2023 7:15,R_2EAwI63K7dQIyzV,30.450899,-91.156303,EN,1,2,,,,,,,,,,,,,,,,,,,,,,,,,,,,
11/27/2023 14:06,11/27/2023 14:06,0,174.203.68.223,100,16,1,11/27/2023 14:06,R_z7mXmecMQRirgzv,30.450899,-91.156303,EN,2,,,,,,,,,,,,,,,,,,,,,,,,,,,,,
11/29/2023 11:29,11/29/2023 11:29,0,174.203.73.181,100,7,1,11/29/2023 11:29,R_vfb3ErdoIyzFhvj,30.2791,-89.767899,ES,2,,,,.,.,,,,,,,,,,,,,,,,,,,,,,,,.
11/27/2023 18:24,11/27/2023 18:27,0,174.203.74.180,8,163,0,12/4/2023 18:27,R_3WVeJjbZLaYnukF,,,ES,1,1,46,,.,.,,,,,,,,,,,,,,,,,,,,,,,,.
12/5/2023 6:22,12/5/2023 6:30,0,174.211.106.29,100,474,1,12/5/2023 6:30,R_3J1np58YLKdEZZT,27.934999,-82.377197,ES,1,1,8,3,8,7,4,5,1,2,3,6,2,2,"6,7",3,2,2,7,7,4,4,1,2,1,4,2,2,1,5
11/29/2023 11:34,11/29/2023 11:39,0,174.211.170.68,100,323,1,11/29/2023 11:39,R_2VCjDj2tQYoqAUx,27.965401,-82.430702,EN,1,1,28,1,1,2,4,1,3,2,5,6,2,2,7,1,1,3,630,830,3,3,1,1,4,5,1,1,2,3
11/28/2023 8:18,11/28/2023 8:19,0,174.211.171.111,100,34,1,11/28/2023 8:19,R_skdLuL9IPhfxnj3,27.959999,-82.461403,EN,1,2,,,,,,,,,,,,,,,,,,,,,,,,,,,,
12/1/2023 14:48,12/1/2023 14:48,0,174.211.228.182,100,15,1,12/1/2023 14:48,R_2TKVBefJekx7pIy,28.581499,-81.485001,EN,1,2,,,,,,,,,,,,,,,,,,,,,,,,,,,,
12/6/2023 5:19,12/6/2023 5:20,0,174.211.97.132,100,18,1,12/6/2023 5:20,R_10u4ReGCAn9xrae,27.945499,-82.459801,EN,1,2,,,,,,,,,,,,,,,,,,,,,,,,,,,,
11/28/2023 18:18,11/28/2023 18:19,0,174.212.32.200,100,71,1,11/28/2023 18:19,R_O0FdTZwOslAUxJT,28.622499,-81.431702,EN,1,2,,,,,,,,,,,,,,,,,,,,,,,,,,,,
12/1/2023 9:43,12/1/2023 9:46,0,174.212.36.228,100,189,1,12/1/2023 9:46,R_2fBPGInjCHzc8MZ,28.581499,-81.485001,ES,1,1,53,3,8,10,1,2,3,4,5,6,2,1,8,1,2,2,6,6,3,3,2,1,1,3,2,,1,5
11/30/2023 6:03,11/30/2023 6:04,0,174.212.40.151,100,99,1,11/30/2023 6:04,R_2YgDsWOHB4PbvSE,28.3939,-81.4216,EN,1,2,,,,,,,,,,,,,,,,,,,,,,,,,,,,
12/1/2023 12:49,12/1/2023 12:49,0,174.228.161.210,100,39,1,12/1/2023 12:49,R_zedhq1wBOAv5uUN,28.3939,-81.4216,EN,1,2,,,,,,,,,,,,,,,,,,,,,,,,,,,,
12/1/2023 18:16,12/1/2023 18:19,0,174.228.162.112,100,191,1,12/1/2023 18:19,R_2V3V0GCJMDvo38t,28.634399,-81.622101,EN,1,1,36,2,4,10,1,3,4,2,5,6,1,6,6,1,4,2,6,8,3,3,1,1,1,3,1,1,2,3
11/29/2023 11:23,11/29/2023 11:23,0,174.228.165.187,100,19,1,11/29/2023 11:23,R_25Y2K2SFa9N2CLE,28.634399,-81.622101,EN,1,2,,,,,,,,,,,,,,,,,,,,,,,,,,,,
12/1/2023 7:22,12/1/2023 7:23,0,174.229.129.185,100,31,1,12/1/2023 7:23,R_1MQkMV7YkkdvEap,28.634399,-81.622101,EN,1,2,,,,,,,,,,,,,,,,,,,,,,,,,,,,
11/30/2023 8:24,11/30/2023 8:28,0,174.229.157.239,100,208,1,11/30/2023 8:28,R_SI7iyPkVyA8EMsV,27.945499,-82.459801,EN,1,1,28,2,,2,1,3,4,2,5,6,2,1,8,1,2,3,7:00 AM,7:00 PM,5,4,2,1,4,6,1,2,1,5
12/1/2023 10:39,12/1/2023 10:39,0,174.229.157.81,100,8,1,12/1/2023 10:39,R_b3hKhPOY8I0tenv,27.945499,-82.459801,EN,1,2,,,,,,,,,,,,,,,,,,,,,,,,,,,,
12/5/2023 10:36,12/5/2023 10:37,0,174.239.85.181,100,8,1,12/5/2023 10:37,R_1DZjIvHcROYXB3C,28.634399,-81.622101,EN,2,,,,,,,,,,,,,,,,,,,,,,,,,,,,,
11/29/2023 10:41,11/29/2023 10:56,0,174.240.65.84,100,850,1,11/29/2023 10:56,R_2BqW4iom9qJdsOe,28.634399,-81.622101,EN,1,1,36,3,7,10,5,6,4,1,3,2,1,4,3,1,1,3,8,5,3,3,1,1,1,3,6,2,2,3
11/29/2023 18:55,11/29/2023 18:59,0,174.240.67.41,100,221,1,11/29/2023 18:59,R_1ez686quj6TA0Hm,29.2575,-82.158798,EN,1,1,28,3,,"4,10",4,3,2,5,1,6,1,1,5,5,2,2,Na,6,2,3,1,1,3,3,2,2,1,5
12/1/2023 10:40,12/1/2023 10:48,0,174.251.240.196,100,426,1,12/1/2023 10:48,R_21oZdhsASVpaYZD,32.301201,-90.183403,EN,1,1,16,3,4,6,6,3,1,4,2,5,3,6,"4,5",1,2,2,8am,6pm,5,4,1,1,4,3,1,2,3,5
11/27/2023 12:36,11/27/2023 12:39,0,174.69.21.91,100,209,1,11/27/2023 12:39,R_1P6JHmJrKyijl7e,30.446199,-87.262398,EN,1,1,16,1,,10,1,2,3,4,5,6,4,4,1,3,2,1,6,6,5,3,1,1,4,3,1,2,2,5
11/15/2023 17:34,11/15/2023 17:34,0,193.36.224.154,8,9,0,11/29/2023 17:34,R_3iPcPF9SQttaUSO,,,EN,1,1,,,,,,,,,,,,,,,,,,,,,,,,,,,,
12/1/2023 9:19,12/1/2023 9:19,0,198.203.175.237,100,24,1,12/1/2023 9:19,R_xbgIe9dccupUHbr,37.750999,-97.821999,EN,1,2,,,,,,,,,,,,,,,,,,,,,,,,,,,,
12/5/2023 8:37,12/5/2023 8:37,0,20.10.200.203,100,32,1,12/5/2023 8:37,R_24wJJ4CgppOIX3o,36.6534,-78.375,ES,1,2,,,.,.,,,,,,,,,,,,,,,,,,,,,,,,.
12/4/2023 13:23,12/4/2023 13:24,0,20.246.168.156,100,23,1,12/4/2023 13:24,R_1OCvVHAu8tkYT9e,37.927299,-76.8545,EN,1,2,,,,,,,,,,,,,,,,,,,,,,,,,,,,
12/5/2023 7:17,12/5/2023 7:18,0,204.76.134.30,100,20,1,12/5/2023 7:18,R_2wtbRRPc3Wkk3CK,27.945499,-82.459801,EN,1,2,,,,,,,,,,,,,,,,,,,,,,,,,,,,
12/1/2023 7:52,12/1/2023 7:53,0,208.184.20.250,100,15,1,12/1/2023 7:53,R_23485ajfWHig5ow,28.5651,-82.375504,EN,1,2,,,,,,,,,,,,,,,,,,,,,,,,,,,,
11/29/2023 11:13,11/29/2023 11:21,0,208.89.76.194,100,466,1,11/29/2023 11:21,R_1H6NiKyWzbMflIu,26.620701,-81.8741,EN,1,1,35,3,7,"1,3",1,2,4,3,5,6,3,2,7,1,2,3,0,4pm to 6pm,5,1,1,1,5,3,4,2,2,3
12/5/2023 7:01,12/5/2023 7:04,0,23.24.180.21,100,185,1,12/5/2023 7:04,R_2f9jwBHHqwfoND7,26.6598,-80.242897,EN,1,1,6,3,,6,2,1,3,4,5,6,1,2,1,1,2,2,6,6,3,3,1,1,4,4,1,2,2,3
11/30/2023 9:07,11/30/2023 9:08,0,24.129.133.126,100,15,1,11/30/2023 9:08,R_12r9nmVelzyVneP,28.0109,-82.494797,EN,1,2,,,,,,,,,,,,,,,,,,,,,,,,,,,,
11/29/2023 10:53,11/29/2023 10:56,0,24.129.92.182,100,193,1,11/29/2023 10:56,R_1ewMQLLL434rj38,30.670099,-81.465797,EN,1,1,55,3,3,1,1,3,4,2,5,6,1,1,2,1,2,2,7,6,4,2,1,1,6,4,1,1,2,5
11/29/2023 11:08,11/29/2023 11:09,0,24.231.118.25,100,31,1,11/29/2023 11:09,R_1jrAOdBeIdFBCvM,29.222099,-81.435097,EN,1,2,,,,,,,,,,,,,,,,,,,,,,,,,,,,
12/2/2023 18:39,12/2/2023 18:40,0,24.254.123.20,100,11,1,12/2/2023 18:40,R_Oe95Vy3XZ29wLYJ,30.4594,-87.207497,EN,1,2,,,,,,,,,,,,,,,,,,,,,,,,,,,,
12/4/2023 16:47,12/4/2023 16:48,0,35.137.202.165,100,26,1,12/4/2023 16:48,R_sU7o2QwGozjTUY1,28.0823,-82.729698,EN,1,2,,,,,,,,,,,,,,,,,,,,,,,,,,,,
12/2/2023 5:09,12/2/2023 5:09,0,35.137.78.110,100,23,1,12/2/2023 5:09,R_r10mtwxTyTp6GdP,28.2987,-82.690201,EN,2,,,,,,,,,,,,,,,,,,,,,,,,,,,,,
12/1/2023 17:09,12/1/2023 17:10,0,35.138.210.89,12,39,0,12/8/2023 17:10,R_zd3FMJyDef7Wavn,,,ES,1,1,28,,.,.,,,,,,,,,,,,,,,,,,,,,,,,.
12/1/2023 8:32,12/1/2023 8:32,0,35.139.176.156,100,7,1,12/1/2023 8:32,R_27lKlmIbPuuCjNQ,28.016399,-81.955399,ES,2,,,,.,.,,,,,,,,,,,,,,,,,,,,,,,,.
11/28/2023 10:48,11/28/2023 10:48,0,35.141.204.113,100,25,1,11/28/2023 10:48,R_W1fznTQjG1UhW37,27.804399,-82.275902,EN,1,2,,,,,,,,,,,,,,,,,,,,,,,,,,,,
11/29/2023 11:02,11/29/2023 11:06,0,35.142.84.220,100,247,1,11/29/2023 11:06,R_qvUJTDihKink4IV,28.020599,-82.457397,EN,1,1,28,3,7,6,4,1,2,3,5,6,2,3,7,1,1,2,6:30,6:00,3,3,1,1,2,3,1,2,2,3
12/1/2023 13:34,12/1/2023 13:35,0,35.143.218.237,100,16,1,12/1/2023 13:35,R_r6jEAWUsIoFybEB,27.953899,-82.296097,EN,1,2,,,,,,,,,,,,,,,,,,,,,,,,,,,,
12/5/2023 9:13,12/5/2023 9:17,0,35.145.110.160,100,257,1,12/5/2023 9:17,R_OvBrCByipglxk6R,29.1565,-82.209503,EN,1,1,41,3,,6,1,2,3,4,5,6,2,3,7,1,1,3,6,6,4,3,1,1,4,3,2,2,2,7
12/5/2023 10:45,12/5/2023 11:02,0,35.145.131.100,100,988,1,12/5/2023 11:02,R_1MTkp58VSIbkoip,29.2353,-81.070396,EN,1,1,64,2,,8,1,2,3,4,5,6,1,1,8,1,4,1,7,5,5,4,1,1,1,2,4,2,1,3
12/1/2023 17:40,12/1/2023 17:43,0,35.145.137.99,100,215,1,12/1/2023 17:43,R_9mfyKlw5a9j15i9,27.947001,-82.794296,EN,1,1,52,3,,6,3,2,5,1,4,6,2,3,7,5,3,2,7,6,4,4,1,1,3,4,1,2,2,5
12/1/2023 11:35,12/1/2023 11:35,0,35.145.145.105,100,33,1,12/1/2023 11:35,R_RLeLTgn7KjUoish,27.9032,-82.2911,EN,2,,,,,,,,,,,,,,,,,,,,,,,,,,,,,
12/1/2023 8:53,12/1/2023 8:56,0,35.145.145.141,100,214,1,12/1/2023 8:56,R_3L5aK3lfGSIjpt6,27.9032,-82.2911,EN,1,1,28,3,,10,3,4,1,6,2,5,1,1,2,1,2,2,6,6,2,4,11,2,1,6,3,2,2,5
12/4/2023 7:51,12/4/2023 7:52,0,35.145.164.114,100,13,1,12/4/2023 7:52,R_3HLxHSZBTRburBv,27.8407,-82.7155,EN,1,2,,,,,,,,,,,,,,,,,,,,,,,,,,,,
11/29/2023 13:11,11/29/2023 13:11,0,35.145.231.33,100,7,1,11/29/2023 13:11,R_9ZAaYaQRxJmWDC1,28.0436,-81.733299,EN,1,2,,,,,,,,,,,,,,,,,,,,,,,,,,,,
12/1/2023 7:27,12/1/2023 7:27,0,35.145.73.139,100,14,1,12/1/2023 7:27,R_2DNREJCd0Cc7dRj,29.0508,-81.2845,EN,1,2,,,,,,,,,,,,,,,,,,,,,,,,,,,,
11/27/2023 14:35,11/27/2023 14:39,0,35.145.88.199,100,230,1,11/27/2023 14:39,R_2pQXmcZzyGcpfQz,29.200701,-81.038803,EN,1,1,44,3,1,10,4,3,2,1,5,6,1,1,3,1,2,1,6,6,3,4,1,1,1,3,2,2,2,3
11/28/2023 6:15,11/28/2023 6:20,0,4.71.27.18,100,245,1,11/28/2023 6:20,R_12hWBGN0UALTjyB,35.974602,-83.905197,EN,1,1,59,3,,2,4,1,3,5,2,6,2,1,"4,6",1,2,3,6,6,4,2,1,1,3,4,1,2,2,3
12/1/2023 7:29,12/1/2023 7:33,0,45.31.223.14,100,215,1,12/1/2023 7:33,R_1oHfPUrP70BIjox,30.661699,-87.047997,EN,1,1,57,3,,10,3,5,2,4,1,6,2,2,4,1,2,2,6:30,5,6,3,1,1,4,3,1,2,2,"3,5"
12/5/2023 19:29,12/5/2023 19:29,0,45.31.53.177,100,14,1,12/5/2023 19:29,R_SUA9KfdfOkDAERX,26.455,-80.107597,EN,2,,,,,,,,,,,,,,,,,,,,,,,,,,,,,
11/30/2023 9:26,11/30/2023 9:40,0,47.196.87.195,100,847,1,11/30/2023 9:40,R_1BV3aXOx4VLY1xI,27.944799,-82.240898,EN,1,1,28,1,7,10,2,1,5,4,6,3,2,2,"1,2,3,4",2,2,4,6,6,4,2,1,1,5,4,1,2,1,6
11/30/2023 8:39,11/30/2023 8:45,0,47.200.4.152,100,385,1,11/30/2023 8:45,R_cCtUbStya9hfDNf,28.0508,-82.448402,EN,1,1,28,3,7,6,2,3,1,4,5,6,3,1,1,3,2,4,7:49am,1:20pm,4,3,1,2,1,3,4,2,2,3
11/29/2023 10:59,11/29/2023 11:02,0,47.202.20.74,100,192,1,11/29/2023 11:02,R_3kKRh8YRW1zQvuI,27.318899,-82.516403,EN,1,1,58,1,3,10,1,2,3,5,4,6,1,4,3,1,2,1,7,6,5,1,1,1,9,7,4,2,2,5
12/4/2023 10:04,12/4/2023 10:12,0,47.202.63.126,100,460,1,12/4/2023 10:12,R_r78z3biw8t5Z56N,27.3407,-82.517403,EN,1,1,58,1,3,"1,3,9",2,3,1,4,5,6,1,1,1,2,2,2,6,3,6,1,1,2,3,3,2,1,3,7
12/1/2023 18:02,12/1/2023 18:14,0,47.203.230.194,100,714,1,12/1/2023 18:14,R_2b2HVAObq7O6hpQ,27.945499,-82.459801,EN,1,1,28,3,7,10,3,2,1,4,5,6,2,6,"1,3",1,2,2,8,6,4,1,1,1,4,6,2,1,2,3
11/29/2023 11:01,11/29/2023 11:10,0,47.203.38.156,100,530,1,11/29/2023 11:10,R_2rvhZdZnmVt4O1O,27.7052,-82.313599,EN,1,1,28,2,,6,1,2,3,4,5,6,2,1,"2,4",1,1,2,7am,5pm,6,3,1,1,1,3,2,2,2,3
12/1/2023 10:37,12/1/2023 10:43,0,47.203.91.52,100,331,1,12/1/2023 10:43,R_1M3urgho39tiVOh,28.3526,-82.630096,EN,1,1,51,1,7,8,1,2,3,4,6,5,3,2,7,3,1,1,8,6,5,4,1,1,4,2,3,2,2,5
11/29/2023 17:54,11/29/2023 17:58,0,47.204.21.122,100,208,1,11/29/2023 17:58,R_cUt4DQXzkBou4gx,28.228201,-82.180496,ES,1,1,51,1,2,8,1,2,3,4,5,6,1,2,8,1,4,2,7,5,3,4,2,2,2,4,1,2,1,5
11/29/2023 10:41,11/29/2023 10:46,0,47.205.2.174,100,324,1,11/29/2023 10:46,R_eEv3xpaqICWCsXn,27.945499,-82.459801,EN,1,1,28,1,7,10,5,1,4,3,2,6,2,4,8,1,2,1,830,400,3,3,1,1,9,4,6,2,1,5
12/2/2023 10:56,12/2/2023 11:09,0,47.205.76.63,100,762,1,12/2/2023 11:09,R_24HRaIoJn8kLzp5,28.016701,-82.135902,EN,1,1,28,1,7,10,5,2,4,1,3,6,2,3,8,1,2,2,6:00,6:00,6,2,,2,2,2,1,2,3,2
11/29/2023 10:52,11/29/2023 10:53,0,47.206.111.34,100,18,1,11/29/2023 10:53,R_3qCYJ1DpIcmAvK9,27.094999,-82.448502,EN,1,2,,,,,,,,,,,,,,,,,,,,,,,,,,,,
11/27/2023 11:59,11/27/2023 12:00,0,47.206.97.33,4,19,0,12/11/2023 12:00,R_3Dtf5ngqnw0sYgV,,,EN,1,,,,,,,,,,,,,,,,,,,,,,,,,,,,,
12/1/2023 13:27,12/1/2023 13:29,0,50.200.227.250,100,72,1,12/1/2023 13:29,R_PZOGRqsKUjep7Md,26.017799,-80.3423,EN,1,2,,,,,,,,,,,,,,,,,,,,,,,,,,,,
12/6/2023 7:34,12/6/2023 7:44,0,50.252.158.254,100,617,1,12/6/2023 7:44,R_V3HGMF9jZPoZDEZ,30.4566,-84.322304,EN,1,1,36,3,,10,1,2,3,4,5,6,3,1,"2,3,4",1,1,2,8:00,5:00,5,3,1,1,1,2,3,2,2,3
11/27/2023 15:55,11/27/2023 15:56,0,50.30.194.190,100,18,1,11/27/2023 15:56,R_2VdxxRjtojdcW7y,30.427401,-84.258003,EN,1,2,,,,,,,,,,,,,,,,,,,,,,,,,,,,
12/2/2023 9:08,12/2/2023 9:12,0,57.135.15.42,100,237,1,12/2/2023 9:12,R_D1wwtIT65KNL1e1,26.9146,-82.055901,EN,1,1,8,3,"4,7","1,7",2,4,3,5,1,6,3,1,"3,6",1,2,2,7,5,6,1,1,1,4,3,3,2,3,5
12/5/2023 12:13,12/5/2023 12:17,0,57.140.32.63,100,263,1,12/5/2023 12:17,R_OHj7gedD8TsEzEB,37.750999,-97.821999,EN,1,1,6,3,,1,2,3,1,4,5,6,1,2,7,1,2,2,7,630,4,4,1,1,5,5,2,2,2,3
12/5/2023 6:53,12/5/2023 6:53,0,64.24.125.131,100,19,1,12/5/2023 6:53,R_2hjZLxi4gmoSsJr,29.6138,-82.386002,EN,1,2,,,,,,,,,,,,,,,,,,,,,,,,,,,,
11/29/2023 11:20,11/29/2023 11:24,0,65.153.111.122,100,225,1,11/29/2023 11:24,R_3EYFbIdHa2RdNGE,26.717199,-80.949203,EN,1,1,21,3,,6,4,2,3,1,6,5,1,5,1,3,2,1,7:30,6,3,4,1,1,3,4,1,2,2,"3,5"
11/29/2023 10:41,11/29/2023 10:42,0,65.32.165.110,100,33,1,11/29/2023 10:42,R_yybMetHESVCFHKV,27.9032,-82.2911,EN,1,2,,,,,,,,,,,,,,,,,,,,,,,,,,,,
11/29/2023 22:23,11/29/2023 22:25,0,65.33.92.5,4,117,0,12/6/2023 22:25,R_3Jw0a4B1keayy34,,,ES,1,,,,.,.,,,,,,,,,,,,,,,,,,,,,,,,.
11/27/2023 12:00,11/27/2023 12:02,0,65.34.102.25,19,96,0,12/11/2023 12:03,R_1is5Wy33Sv7hwkK,,,EN,1,1,18,3,7,7,,,,,,,,,,,,,,,,,,,,,,,,
12/5/2023 16:32,12/5/2023 16:37,0,66.176.74.64,100,269,1,12/5/2023 16:37,R_1NzcjK4LTqZoooR,26.6875,-80.670799,EN,1,1,50,3,,"2,10",2,1,3,5,4,6,5,1,2,1,1,2,8pm,5pm,6,3,1,1,1,2,3,2,2,3
11/29/2023 12:38,11/29/2023 12:38,0,66.177.158.49,100,23,1,11/29/2023 12:38,R_eJaTHSluIPobWjT,30.2712,-81.752899,EN,1,2,,,,,,,,,,,,,,,,,,,,,,,,,,,,
11/29/2023 12:18,11/29/2023 13:00,0,66.177.71.51,100,2553,1,11/29/2023 13:00,R_2s5NcjJoXG62eZ2,30.3958,-81.689301,EN,2,,,,,,,,,,,,,,,,,,,,,,,,,,,,,
12/9/2023 19:42,12/9/2023 19:44,0,66.229.115.252,100,156,1,12/9/2023 19:44,R_DnS9YluGGxjybwl,26.268101,-80.209198,EN,1,2,,,,,,,,,,,,,,,,,,,,,,,,,,,,
11/27/2023 16:17,11/27/2023 16:18,0,67.158.151.109,100,15,1,11/27/2023 16:18,R_30eCMXxV7dnY8c3,30.173,-83.614799,EN,2,,,,,,,,,,,,,,,,,,,,,,,,,,,,,
11/29/2023 15:33,11/29/2023 15:41,0,67.190.221.252,100,507,1,11/29/2023 15:41,R_3lSMDnitpqB5YPV,29.666901,-81.657898,EN,1,1,54,3,"2,5","1,3",3,5,2,4,1,6,3,2,"1,6,7",1,2,2,5,6,5,3,1,1,3,4,1,2,2,3
12/6/2023 18:32,12/6/2023 18:36,0,67.44.240.105,100,273,1,12/6/2023 18:36,R_1ooIHorYf40wm7z,33.522598,-86.803299,EN,1,1,57,2,,1,1,3,4,5,2,6,3,1,"4,5",1,2,2,6,6,5,3,1,1,1,4,3,2,2,5
11/29/2023 11:35,11/29/2023 11:42,0,67.44.240.13,100,386,1,11/29/2023 11:42,R_yxYG81zFuI89ZZf,33.522598,-86.803299,EN,1,1,57,3,,1,3,4,1,5,2,6,3,2,"4,5",1,2,2,6,6,5,1,1,1,9,5,2,2,2,5
11/29/2023 11:44,11/29/2023 11:44,0,67.8.96.81,100,14,1,11/29/2023 11:44,R_3hDsM4I19y74cZP,28.5788,-81.439598,EN,1,2,,,,,,,,,,,,,,,,,,,,,,,,,,,,
12/5/2023 8:59,12/5/2023 9:12,0,68.1.97.82,100,833,1,12/5/2023 9:12,R_O0PGm0GY42JSUMx,30.4594,-87.207497,EN,1,1,16,3,,6,3,4,2,5,1,6,2,3,5,1,1,2,6,8,3,3,1,1,1,4,3,2,2,3
12/5/2023 9:05,12/5/2023 9:05,0,68.200.158.145,100,11,1,12/5/2023 9:05,R_1r30Mw6WyLIpeZ8,28.0702,-81.964104,EN,2,,,,,,,,,,,,,,,,,,,,,,,,,,,,,
11/27/2023 17:32,11/27/2023 17:33,0,68.204.130.119,100,36,1,11/27/2023 17:33,R_06V10q6u6FOo2A1,29.1565,-82.209503,EN,1,2,,,,,,,,,,,,,,,,,,,,,,,,,,,,
12/1/2023 19:31,12/1/2023 19:31,0,68.204.242.34,100,14,1,12/1/2023 19:31,R_1onGdY6n8YY44Xg,28.553101,-81.759697,EN,2,,,,,,,,,,,,,,,,,,,,,,,,,,,,,
12/5/2023 3:55,12/5/2023 3:55,0,68.226.4.107,100,18,1,12/5/2023 3:55,R_1rIAuXA0PttXEV0,29.6467,-82.3284,EN,1,2,,,,,,,,,,,,,,,,,,,,,,,,,,,,
11/29/2023 11:52,11/29/2023 11:55,0,68.35.242.132,100,173,1,11/29/2023 11:55,R_1EZro6tSFlZ96Cq,30.4566,-84.322304,EN,1,1,36,3,,10,2,3,4,5,1,6,2,5,"5,6",1,2,3,6,6,4,3,1,1,5,5,1,2,2,5
11/28/2023 18:32,11/28/2023 18:37,0,69.222.121.65,100,292,1,11/28/2023 18:37,R_3iQqQEKXc5H9btZ,30.095501,-81.719803,EN,1,2,,,,,,,,,,,,,,,,,,,,,,,,,,,,
12/4/2023 15:53,12/4/2023 15:58,0,70.171.34.110,100,280,1,12/4/2023 15:58,R_3gS0xw8CDXKO4EC,29.6138,-82.386002,EN,1,1,1,2,,10,4,5,1,3,2,6,3,1,"6,7",2,2,3,11,11:00 PM,4,4,1,1,3,3,1,2,1,3
11/20/2023 13:51,11/20/2023 13:51,0,70.171.52.33,12,13,0,11/27/2023 14:12,R_2z8gewNkYxWv2eP,,,ES,1,1,4,,.,.,,,,,,,,,,,,,,,,,,,,,,,,.
12/1/2023 23:51,12/1/2023 23:54,0,70.187.62.74,100,200,1,12/1/2023 23:54,R_3KDDBBQC4AhLMGD,30.446199,-87.262398,EN,1,1,16,1,7,10,1,4,5,2,3,6,1,2,6,2,2,1,6,8,2,4,1,1,4,4,1,2,2,5
12/3/2023 6:46,12/3/2023 6:46,0,71.146.167.72,100,12,1,12/3/2023 6:46,R_3NERy6T3LY2Xg7N,30.3498,-87.165497,EN,1,2,,,,,,,,,,,,,,,,,,,,,,,,,,,,
11/29/2023 20:59,11/29/2023 21:00,0,71.215.88.195,100,73,1,11/29/2023 21:00,R_RfUvH9bdBbWNUhb,26.5921,-81.678398,EN,1,2,,,,,,,,,,,,,,,,,,,,,,,,,,,,
12/6/2023 14:49,12/6/2023 14:49,0,71.44.157.75,100,11,1,12/6/2023 14:49,R_1NqaCQmzL4Lc4qb,28.530001,-81.405701,EN,1,2,,,,,,,,,,,,,,,,,,,,,,,,,,,,
11/27/2023 20:43,11/27/2023 20:50,0,71.46.236.67,100,388,1,11/27/2023 20:50,R_2V2vxRXHlb7vJiG,28.020599,-82.457397,EN,1,1,41,3,4,10,5,4,2,3,1,6,2,3,"1,6",2,2,2,7,8,3,3,1,1,4,4,1,2,1,5
12/4/2023 9:38,12/4/2023 9:38,0,71.47.34.242,100,23,1,12/4/2023 9:38,R_2B4Cwzai0M7eH9f,28.305599,-81.419701,ES,1,2,,,.,.,,,,,,,,,,,,,,,,,,,,,,,,.
12/1/2023 8:27,12/1/2023 8:27,0,72.17.81.42,100,11,1,12/1/2023 8:27,R_1YBZFK20ak5W4F3,28.228201,-82.180496,EN,1,2,,,,,,,,,,,,,,,,,,,,,,,,,,,,
12/4/2023 8:06,12/4/2023 8:07,0,72.186.179.157,100,21,1,12/4/2023 8:07,R_3mfVnNgcF6rssds,28.045099,-82.688004,EN,1,2,,,,,,,,,,,,,,,,,,,,,,,,,,,,
11/29/2023 10:45,11/29/2023 10:54,0,72.186.18.188,100,531,1,11/29/2023 10:54,R_cIPJzWqb1Gne9IR,27.9883,-82.299103,EN,1,1,28,3,7,10,1,5,3,4,2,6,3,4,7,1,2,2,6,6,4,4,1,1,4,4,1,2,2,3
11/27/2023 10:57,11/27/2023 11:03,0,72.187.241.186,100,319,1,11/27/2023 11:03,R_AifNIC0UOd54QQ9,27.990601,-82.745499,EN,1,1,51,3,7,1,4,3,1,2,5,6,1,2,5,1,2,2,7,6,3,3,1,1,4,4,2,2,2,"3,5,6"
11/30/2023 15:51,11/30/2023 15:54,0,72.215.39.197,100,155,1,11/30/2023 15:54,R_1plJVDIzKeHU3bA,30.4198,-86.627998,EN,1,2,,,,,,,,,,,,,,,,,,,,,,,,,,,,
11/27/2023 16:24,11/27/2023 16:25,0,72.216.58.72,100,36,1,11/27/2023 16:25,R_2rZx7UwATUOsgbo,30.4062,-87.218201,EN,1,2,,,,,,,,,,,,,,,,,,,,,,,,,,,,
11/27/2023 12:46,11/27/2023 12:46,0,72.219.213.196,100,17,1,11/27/2023 12:46,R_YWDjYzysV3zDNZv,29.7005,-82.307999,EN,1,2,,,,,,,,,,,,,,,,,,,,,,,,,,,,
12/8/2023 19:10,12/8/2023 19:10,0,73.1.10.22,100,15,1,12/8/2023 19:10,R_2TmESBg6I9Wl8Qv,26.6642,-80.173203,EN,1,2,,,,,,,,,,,,,,,,,,,,,,,,,,,,
11/29/2023 11:41,11/29/2023 11:41,0,73.1.203.79,100,14,1,11/29/2023 11:41,R_x5YW9NQ9n9tFmiB,27.451,-80.335701,EN,1,2,,,,,,,,,,,,,,,,,,,,,,,,,,,,
11/29/2023 11:07,11/29/2023 11:10,0,73.104.61.140,100,177,1,11/29/2023 11:10,R_qFwBf237p2Zbhdv,29.9149,-81.367203,EN,1,1,55,3,3,1,1,3,2,5,4,6,5,1,"1,5",1,2,2,8,5,6,3,1,1,1,5,3,1,2,"3,5"
11/29/2023 2:06,11/29/2023 2:12,0,73.105.95.59,100,345,1,11/29/2023 2:12,R_1oAwK7BbjajMmyF,30.312201,-81.724297,EN,1,1,10,3,,6,5,4,3,1,2,6,3,2,4,1,2,4,6am,10pm,5,3,1,1,3,4,2,1,2,3
11/29/2023 18:42,11/29/2023 18:45,0,73.107.112.19,100,228,1,11/29/2023 18:45,R_6fHjZjTA3McovSN,26.6462,-81.845497,EN,1,1,35,3,,6,3,1,2,4,5,6,2,2,7,1,6,1,8,6,4,3,1,1,4,3,6,2,2,5
11/27/2023 11:12,11/27/2023 11:12,0,73.107.239.172,4,7,0,12/11/2023 11:27,R_2fH5WQiWSUgRz6x,,,EN,1,,,,,,,,,,,,,,,,,,,,,,,,,,,,,
12/3/2023 11:43,12/3/2023 11:43,0,73.118.53.64,100,18,1,12/3/2023 11:43,R_2sRMVWQUNWIokP5,30.427401,-84.258003,EN,2,,,,,,,,,,,,,,,,,,,,,,,,,,,,,
11/27/2023 14:53,11/27/2023 14:56,0,73.125.57.156,100,184,1,11/27/2023 14:56,R_u4zDjydvTzOqIj7,26.116699,-80.128601,EN,1,1,6,3,7,2,1,2,3,4,5,6,4,1,"4,5,6,7",1,6,2,24 hours,24 hours,6,3,1,1,1,3,3,2,2,6
12/1/2023 6:01,12/1/2023 6:05,0,73.148.247.163,100,248,1,12/1/2023 6:05,R_yjsh2e17tx1KoIV,30.275499,-81.581497,EN,1,1,15,3,,6,1,2,4,5,3,6,1,1,2,1,2,2,7am,6pm,6,1,1,1,4,4,1,2,1,5
11/29/2023 21:57,11/29/2023 22:08,0,73.179.252.189,100,665,1,11/29/2023 22:08,R_12rMo7p9LIOPHZm,26.2281,-80.164803,EN,1,1,6,3,"4,7",1,2,3,1,5,4,6,3,1,6,1,6,1,7,6,6,3,1,1,1,3,4,2,2,"3,6"
11/29/2023 17:43,11/29/2023 17:43,0,73.19.159.141,100,5,1,11/29/2023 17:43,R_w7s7CwoDNnS7ahP,30.2108,-84.320503,EN,2,,,,,,,,,,,,,,,,,,,,,,,,,,,,,
12/8/2023 18:06,12/8/2023 18:07,0,73.204.253.200,100,74,1,12/8/2023 18:07,R_yvAFPTYuGo561AB,26.5991,-80.128403,ES,1,2,,,.,.,,,,,,,,,,,,,,,,,,,,,,,,.
11/29/2023 3:44,11/29/2023 3:54,0,73.205.193.22,100,596,1,11/29/2023 3:54,R_5vFuiCpdFomQ3VD,25.8132,-80.186203,EN,1,1,43,2,7,6,1,4,2,5,3,6,1,2,"6,7",5,2,1,7:00,6:30P,2,3,1,2,4,4,2,2,2,3
12/1/2023 5:07,12/1/2023 5:17,0,73.24.89.210,100,610,1,12/1/2023 5:17,R_2vYA4IMhcWSgEew,28.892799,-81.785202,EN,1,1,15,3,7,"3,4,5,7",4,3,1,2,5,6,1,2,2,1,2,1,7,10,3,1,6,3,9,6,2,2,2,2
11/27/2023 20:17,11/27/2023 20:17,0,73.244.160.192,100,46,1,11/27/2023 20:17,R_bHM7p1WtN5h3DMJ,26.6598,-80.242897,EN,1,2,,,,,,,,,,,,,,,,,,,,,,,,,,,,
11/27/2023 10:29,11/27/2023 10:30,0,73.27.227.98,8,12,0,12/11/2023 10:38,R_2Tn4XH93zk8vBKH,,,EN,1,1,,,,,,,,,,,,,,,,,,,,,,,,,,,,
11/30/2023 5:14,11/30/2023 5:17,0,73.27.37.81,100,193,1,11/30/2023 5:17,R_2fl1Qbea67SOUo3,26.9835,-82.131897,EN,1,1,8,3,7,10,3,4,1,5,2,6,1,5,5,2,2,2,6,6,2,3,1,1,3,5,1,2,2,6
12/7/2023 4:34,12/7/2023 4:34,0,73.28.124.76,100,47,1,12/7/2023 4:34,R_2ZPOvuBiioN92QX,26.6292,-81.968002,EN,1,2,,,,,,,,,,,,,,,,,,,,,,,,,,,,
11/29/2023 12:42,11/29/2023 12:43,0,73.35.96.144,100,57,1,11/29/2023 12:43,R_3CJUC4wbuTKNEtK,29.666901,-81.657898,EN,1,2,,,,,,,,,,,,,,,,,,,,,,,,,,,,
12/6/2023 6:56,12/6/2023 6:58,0,73.49.184.156,100,100,1,12/6/2023 6:58,R_3OjjRDGVxdSGZF0,25.7349,-80.222801,EN,1,2,,,,,,,,,,,,,,,,,,,,,,,,,,,,
12/5/2023 15:57,12/5/2023 15:57,0,73.56.54.187,100,14,1,12/5/2023 15:57,R_1N4903lJ9ETcjJo,26.5355,-80.109802,EN,1,2,,,,,,,,,,,,,,,,,,,,,,,,,,,,
12/8/2023 5:11,12/8/2023 5:32,0,73.85.25.44,100,1277,1,12/8/2023 5:32,R_2eX5Y4VCkaiWdh3,26.5355,-80.109802,EN,1,1,50,3,"5,7",6,6,5,3,4,1,2,1,3,5,1,2,3,9:00Am,6:00PM,2,3,3,3,9,3,1,2,3,3
11/27/2023 22:25,11/27/2023 23:16,0,75.115.172.23,100,3067,1,11/27/2023 23:16,R_3jcUjT4ABvs36tS,27.484301,-82.581299,ES,1,1,40,3,7,1,1,4,2,5,3,6,1,4,5,1,4,1,6,5,4,3,2,4,3,1,1,1,2,3
11/29/2023 12:56,11/29/2023 12:56,0,75.145.2.1,100,6,1,11/29/2023 12:56,R_1pYECcDXaQynCF7,26.990101,-82.094704,EN,2,,,,,,,,,,,,,,,,,,,,,,,,,,,,,
11/29/2023 11:50,11/29/2023 11:57,0,75.200.19.194,100,427,1,11/29/2023 11:57,R_2V9GlVsPvovFw1X,28.581499,-81.485001,EN,1,1,26,1,7,10,1,2,6,3,4,5,1,2,8,5,2,2,4-Sep,6,4,1,1,1,9,3,5,2,2,5
12/8/2023 14:19,12/8/2023 14:19,0,75.74.138.65,100,18,1,12/8/2023 14:19,R_1BVGTUe5Vmwl3XX,26.379601,-80.102898,EN,2,,,,,,,,,,,,,,,,,,,,,,,,,,,,,
11/29/2023 12:19,11/29/2023 12:19,0,76.108.228.50,100,16,1,11/29/2023 12:19,R_cHlleLd4I2UlvCV,26.745701,-80.072197,EN,2,,,,,,,,,,,,,,,,,,,,,,,,,,,,,
11/27/2023 17:02,11/27/2023 17:06,0,76.109.180.251,100,238,1,11/27/2023 17:06,R_2zd8wjTNmaRXXZE,26.455,-80.107597,EN,1,1,50,2,7,10,1,2,3,4,5,6,1,2,3,1,1,2,6:00,5:30,1,3,1,1,1,3,6,2,2,3
11/29/2023 10:42,11/29/2023 10:46,0,76.123.92.146,100,234,1,11/29/2023 10:46,R_2w0w2v1SI5CII6Y,26.990101,-82.094704,EN,1,1,8,3,,6,5,2,1,4,3,6,2,2,7,5,2,1,7,6,3,3,1,1,2,5,2,1,2,5
12/6/2023 11:40,12/6/2023 11:45,0,76.128.51.240,100,258,1,12/6/2023 11:45,R_2EyhHzueVc0aH5j,26.5991,-80.128403,EN,1,1,50,3,,6,1,3,2,4,5,6,1,2,5,1,6,3,8,6,2,3,1,2,9,7,3,2,2,5
11/29/2023 12:05,11/29/2023 12:05,0,76.148.47.148,100,9,1,11/29/2023 12:05,R_1IYi1Ymn1zAUZvM,26.555901,-82.0214,EN,1,2,,,,,,,,,,,,,,,,,,,,,,,,,,,,
12/3/2023 2:02,12/3/2023 2:02,0,76.18.225.11,100,7,1,12/3/2023 2:02,R_BEy1wM28YZ72iXL,30.347799,-81.6493,EN,2,,,,,,,,,,,,,,,,,,,,,,,,,,,,,
12/6/2023 6:22,12/6/2023 6:22,0,76.18.6.74,100,9,1,12/6/2023 6:22,R_2fCWYQ3Hw3Zs0Yf,26.616501,-80.044403,EN,1,2,,,,,,,,,,,,,,,,,,,,,,,,,,,,
11/29/2023 15:53,11/29/2023 16:00,0,76.242.38.139,100,423,1,11/29/2023 16:00,R_2cvaMUk34f0yfbN,30.312201,-81.724297,EN,1,1,15,3,,"1,4,10",2,4,1,5,3,6,1,1,8,1,2,3,8,5,3,4,1,1,9,6,5,2,2,6
12/1/2023 12:57,12/1/2023 12:59,0,8.14.59.234,100,146,1,12/1/2023 12:59,R_1H0rPZ4Bgg6kPp0,26.193399,-81.761398,EN,1,1,11,3,5,6,2,1,3,4,5,6,1,3,5,2,2,4,8,4,6,3,1,1,2,3,1,1,2,3
11/29/2023 10:45,11/29/2023 10:50,0,8.19.73.18,100,289,1,11/29/2023 10:50,R_2bKJOnmrllgJWVj,25.7869,-80.202103,EN,1,1,43,3,,7,1,2,3,4,5,6,1,1,5,2,2,4,6,6,2,5,1,1,1,4,3,1,2,3
11/27/2023 14:49,11/27/2023 14:57,0,96.85.171.22,100,466,1,11/27/2023 14:57,R_WAKYkGLYL0mUiVb,26.782,-80.0653,EN,1,1,50,3,,6,3,4,1,5,2,6,2,1,7,1,2,2,7:30,6:30,3,4,1,1,2,3,1,2,1,5
11/27/2023 14:34,11/27/2023 14:35,0,97.101.150.165,100,103,1,11/27/2023 14:35,R_7ZK1yx1c40aZrup,29.0508,-81.2845,EN,1,2,,,,,,,,,,,,,,,,,,,,,,,,,,,,
12/4/2023 8:36,12/4/2023 8:38,0,97.101.69.43,100,154,1,12/4/2023 8:38,R_1HpKt4YNDDjX0fD,29.555401,-81.220703,EN,1,1,17,3,7,"1,3",1,2,4,3,5,6,1,1,4,1,2,2,6,6,6,4,1,1,3,5,2,2,2,3
11/28/2023 7:06,11/28/2023 7:11,0,97.102.200.126,100,253,1,11/28/2023 7:11,R_YXKhXk72QVPWfx7,28.0366,-80.580803,EN,1,1,5,3,3,1,1,3,4,5,2,6,2,1,"1,5",1,4,2,8am,1pm,4,2,1,1,9,3,6,2,1,5
12/1/2023 19:27,12/1/2023 19:27,0,97.103.129.248,100,26,1,12/1/2023 19:27,R_QcRAvnF3oKTZTi1,28.1404,-80.651398,EN,1,2,,,,,,,,,,,,,,,,,,,,,,,,,,,,
12/6/2023 16:46,12/6/2023 16:47,0,97.103.83.74,100,67,1,12/6/2023 16:47,R_1DZOydOuyPIyKTf,29.484301,-81.204201,EN,1,2,,,,,,,,,,,,,,,,,,,,,,,,,,,,
12/4/2023 8:15,12/4/2023 8:17,0,97.104.21.42,100,171,1,12/4/2023 8:17,R_vvMYQdQgfiLOIRr,29.555401,-81.220703,EN,1,1,17,3,,6,3,4,1,5,2,6,2,6,"1,3",4,2,2,7:00,6:00,6,3,1,1,3,6,4,2,2,4
12/6/2023 2:34,12/6/2023 2:35,0,97.104.33.28,100,12,1,12/6/2023 2:35,R_2sZ9xFWR7QBh1Io,28.9025,-81.248001,EN,1,2,,,,,,,,,,,,,,,,,,,,,,,,,,,,
11/27/2023 13:37,11/27/2023 13:37,0,97.79.31.154,100,29,1,11/27/2023 13:38,R_W7jNdcKwMNM4bPX,28.0109,-82.494797,EN,1,2,,,,,,,,,,,,,,,,,,,,,,,,,,,,
12/7/2023 7:13,12/7/2023 7:15,0,98.170.208.159,100,144,1,12/7/2023 7:15,R_1FRGv7lkXVCrBPl,30.5179,-87.225304,EN,1,2,,,,,,,,,,,,,,,,,,,,,,,,,,,,
12/5/2023 5:58,12/5/2023 6:04,0,98.170.247.193,100,364,1,12/5/2023 6:04,R_2OPYPnqy6ZtHRda,30.7617,-86.588303,EN,1,1,46,3,7,6,2,1,3,4,5,6,2,4,"2,4",1,2,2,6am,6pm,5,3,1,1,4,3,1,,2,3
12/5/2023 7:08,12/5/2023 7:14,0,98.174.37.9,100,354,1,12/5/2023 7:14,R_RQYVpnd5SVqJRrb,30.4594,-87.207497,EN,1,1,16,3,,3,4,5,2,1,3,6,2,3,8,5,2,2,7,6,3,3,1,1,4,4,1,2,2,5
11/29/2023 17:06,11/29/2023 17:08,0,98.183.31.200,100,147,1,11/29/2023 17:08,R_2zBiZsrZZc4kV4c,30.446199,-87.262398,EN,1,1,16,3,7,1,2,6,1,3,4,5,2,3,7,1,2,2,6,6,3,4,1,1,3,4,1,2,2,5
11/29/2023 14:53,11/29/2023 14:54,0,98.230.41.40,100,18,1,11/29/2023 14:54,R_vdBaJ57it81LaiB,30.490801,-84.315804,EN,1,2,,,,,,,,,,,,,,,,,,,,,,,,,,,,
12/2/2023 5:19,12/2/2023 5:19,0,98.53.20.228,100,21,1,12/2/2023 5:19,R_3gMhQlr5V2s97yS,26.745701,-80.072197,EN,1,2,,,,,,,,,,,,,,,,,,,,,,,,,,,,
11/28/2023 15:04,11/28/2023 15:08,0,98.56.92.92,100,284,1,11/28/2023 15:08,R_1zEmumQ2xZfWhix,27.5984,-81.498802,EN,1,1,27,3,7,10,6,2,3,1,4,5,1,1,7,1,1,2,8,6,4,3,1,1,1,2,1,2,2,3
11/28/2023 8:18,11/28/2023 8:22,0,98.56.94.12,100,230,1,11/28/2023 8:22,R_2wmGbnwwoglMVWN,27.3269,-82.543297,EN,1,1,40,3,,"1,4,7,9",2,3,1,4,5,6,2,5,2,1,2,2,7,4,4,2,1,1,4,4,2,1,1,5
11/27/2023 9:21,11/27/2023 12:26,0,98.97.182.37,42,11109,0,12/11/2023 12:26,R_2rjh2Qvqk3sO3IP,,,EN,1,1,35,2,,8,4,5,1,6,2,3,2,4,8,1,,,,,,,,,,,,,,
11/30/2023 2:37,11/30/2023 2:42,0,99.127.57.224,100,302,1,11/30/2023 2:42,R_1Qi2UB5pxX4o421,26.737,-80.275803,EN,1,1,50,1,2,8,1,5,3,4,2,6,1,1,8,1,2,2,7:30,5:30,2,3,1,1,3,6,1,2,2,5
11/29/2023 13:32,12/4/2023 12:19,0,99.177.201.89,100,427635,1,12/4/2023 12:19,R_10OA5kQEAcG0UE7,25.895901,-80.308998,ES,1,1,17,2,8,8,1,3,2,4,5,6,1,1,8,1,4,1,6:00 AM,7:00 PM,3,1,2,1,2,3,6,2,1,5
11/27/2023 12:53,11/27/2023 12:54,0,99.23.147.252,8,54,0,12/11/2023 12:54,R_1oiOobnrIktXDoO,,,EN,1,1,,,,,,,,,,,,,,,,,,,,,,,,,,,,
